nom,description
Teletravail,"Organisation, outils et equilibre en travail a distance."
Nutrition,"Alimentation equilibree, recettes et batch cooking."
Course,"Running, preparation et recuperation."
Lecture,"Romans, essais et recommandations."
JeuxVideo,"Actualite, retro et recommandations de jeux."
Voyage,"Itineraires, budget et conseils de terrain."
Plantes,"Entretien, rempotage et diagnostics."
Finances,"Budget, epargne et investissement debutant."
Art,"Dessin, peinture et pratique creative."
Tech,"Materiel, logiciels et bons plans."
