identifiant,nom_affiche,email,grade,avatar,karma
youssef_alaoui,Youssef Alaoui,youssef_alaoui@exemple.test,vip,avatar-01.webp,2432
salma_benani,Salma Benani,salma_benani@exemple.test,moderator,avatar-02.webp,1960
karim_fassi,Karim Fassi,karim_fassi@exemple.test,pro,avatar-03.webp,1472
nadia_cherkaoui,Nadia Cherkaoui,nadia_cherkaoui@exemple.test,pro,avatar-04.webp,3134
omar_tazi,Omar Tazi,omar_tazi@exemple.test,member,avatar-05.webp,1949
leila_bennis,Leila Bennis,leila_bennis@exemple.test,member,avatar-06.webp,1214
mehdi_squalli,Mehdi Squalli,mehdi_squalli@exemple.test,member,avatar-07.webp,79
sofia_lahlou,Sofia Lahlou,sofia_lahlou@exemple.test,member,avatar-08.webp,3082
amine_berrada,Amine Berrada,amine_berrada@exemple.test,rookie,avatar-09.webp,1575
hind_naciri,Hind Naciri,hind_naciri@exemple.test,rookie,avatar-10.webp,2981
reda_amrani,Reda Amrani,reda_amrani@exemple.test,member,avatar-11.webp,1687
yasmine_kabbaj,Yasmine Kabbaj,yasmine_kabbaj@exemple.test,pro,avatar-12.webp,643
tarik_ouazzani,Tarik Ouazzani,tarik_ouazzani@exemple.test,member,avatar-13.webp,2729
imane_sekkat,Imane Sekkat,imane_sekkat@exemple.test,rookie,avatar-14.webp,1509
hamza_idrissi,Hamza Idrissi,hamza_idrissi@exemple.test,member,avatar-15.webp,2027
