sujet_id,auteur,contenu,upvotes,repond_a,ordre
1,nadia_cherkaoui,"Bonne question. De mon cote j ai commence tres progressivement, et c est ce qui a tout change.",789,0,1
1,karim_fassi,Un detail souvent oublie : la constance sur plusieurs semaines compte plus que la methode exacte.,608,1,2
1,hind_naciri,"J aurais nuance sur un point, mais globalement je suis d accord avec l analyse.",237,2,3
2,tarik_ouazzani,"Bonne question. De mon cote j ai commence tres progressivement, et c est ce qui a tout change.",654,0,1
2,youssef_alaoui,Je faisais l inverse au debut et je me suis blesse. Depuis j y vais beaucoup plus doucement.,149,1,2
2,youssef_alaoui,"J aurais nuance sur un point, mais globalement je suis d accord avec l analyse.",684,2,3
3,leila_bennis,Je faisais l inverse au debut et je me suis blesse. Depuis j y vais beaucoup plus doucement.,72,0,1
3,hind_naciri,Je faisais l inverse au debut et je me suis blesse. Depuis j y vais beaucoup plus doucement.,1102,1,2
3,amine_berrada,"J ai teste pendant trois mois et le changement le plus net a ete la regularite, pas l intensite.",1225,2,3
3,yasmine_kabbaj,Un detail souvent oublie : la constance sur plusieurs semaines compte plus que la methode exacte.,189,0,4
3,nadia_cherkaoui,Attention aux conseils universels : ce qui marche pour l un peut ne rien donner pour l autre.,1649,4,5
4,nadia_cherkaoui,Excellente synthese. J ajouterais juste qu il faut adapter selon son propre rythme.,1759,0,1
4,mehdi_squalli,Je faisais l inverse au debut et je me suis blesse. Depuis j y vais beaucoup plus doucement.,1544,1,2
4,tarik_ouazzani,Je faisais l inverse au debut et je me suis blesse. Depuis j y vais beaucoup plus doucement.,440,2,3
4,tarik_ouazzani,"J ai teste pendant trois mois et le changement le plus net a ete la regularite, pas l intensite.",780,0,4
4,sofia_lahlou,"J ai teste pendant trois mois et le changement le plus net a ete la regularite, pas l intensite.",555,4,5
5,hamza_idrissi,"Merci pour le retour, ca confirme ce que je pensais sans oser le formuler.",1712,0,1
5,tarik_ouazzani,Attention aux conseils universels : ce qui marche pour l un peut ne rien donner pour l autre.,1037,1,2
5,hamza_idrissi,Excellente synthese. J ajouterais juste qu il faut adapter selon son propre rythme.,14,2,3
5,yasmine_kabbaj,Un detail souvent oublie : la constance sur plusieurs semaines compte plus que la methode exacte.,1476,0,4
5,omar_tazi,Un detail souvent oublie : la constance sur plusieurs semaines compte plus que la methode exacte.,164,4,5
6,amine_berrada,"J aurais nuance sur un point, mais globalement je suis d accord avec l analyse.",1692,0,1
6,omar_tazi,Attention aux conseils universels : ce qui marche pour l un peut ne rien donner pour l autre.,382,1,2
6,salma_benani,"Merci pour le retour, ca confirme ce que je pensais sans oser le formuler.",535,2,3
7,youssef_alaoui,"Bonne question. De mon cote j ai commence tres progressivement, et c est ce qui a tout change.",1514,0,1
7,karim_fassi,Un detail souvent oublie : la constance sur plusieurs semaines compte plus que la methode exacte.,1765,1,2
7,amine_berrada,"Merci pour le retour, ca confirme ce que je pensais sans oser le formuler.",1049,2,3
8,nadia_cherkaoui,Attention aux conseils universels : ce qui marche pour l un peut ne rien donner pour l autre.,1098,0,1
8,imane_sekkat,Un detail souvent oublie : la constance sur plusieurs semaines compte plus que la methode exacte.,1273,1,2
8,hamza_idrissi,Je faisais l inverse au debut et je me suis blesse. Depuis j y vais beaucoup plus doucement.,1864,2,3
9,hamza_idrissi,Un detail souvent oublie : la constance sur plusieurs semaines compte plus que la methode exacte.,1137,0,1
9,leila_bennis,"Merci pour le retour, ca confirme ce que je pensais sans oser le formuler.",1510,1,2
9,leila_bennis,"J ai teste pendant trois mois et le changement le plus net a ete la regularite, pas l intensite.",1002,2,3
9,omar_tazi,Je faisais l inverse au debut et je me suis blesse. Depuis j y vais beaucoup plus doucement.,704,0,4
10,leila_bennis,"J ai teste pendant trois mois et le changement le plus net a ete la regularite, pas l intensite.",1415,0,1
10,imane_sekkat,Attention aux conseils universels : ce qui marche pour l un peut ne rien donner pour l autre.,94,1,2
10,sofia_lahlou,"J aurais nuance sur un point, mais globalement je suis d accord avec l analyse.",1092,2,3
10,hamza_idrissi,"Bonne question. De mon cote j ai commence tres progressivement, et c est ce qui a tout change.",279,0,4
11,youssef_alaoui,"Bonne question. De mon cote j ai commence tres progressivement, et c est ce qui a tout change.",140,0,1
11,imane_sekkat,Un detail souvent oublie : la constance sur plusieurs semaines compte plus que la methode exacte.,1446,1,2
11,youssef_alaoui,"Merci pour le retour, ca confirme ce que je pensais sans oser le formuler.",1243,2,3
11,sofia_lahlou,"J aurais nuance sur un point, mais globalement je suis d accord avec l analyse.",1081,0,4
11,youssef_alaoui,Un detail souvent oublie : la constance sur plusieurs semaines compte plus que la methode exacte.,172,4,5
12,reda_amrani,Excellente synthese. J ajouterais juste qu il faut adapter selon son propre rythme.,87,0,1
12,hamza_idrissi,"Bonne question. De mon cote j ai commence tres progressivement, et c est ce qui a tout change.",359,1,2
12,reda_amrani,"J aurais nuance sur un point, mais globalement je suis d accord avec l analyse.",911,2,3
13,leila_bennis,Un detail souvent oublie : la constance sur plusieurs semaines compte plus que la methode exacte.,789,0,1
13,imane_sekkat,Un detail souvent oublie : la constance sur plusieurs semaines compte plus que la methode exacte.,547,1,2
13,mehdi_squalli,Un detail souvent oublie : la constance sur plusieurs semaines compte plus que la methode exacte.,1104,2,3
13,nadia_cherkaoui,"J aurais nuance sur un point, mais globalement je suis d accord avec l analyse.",1256,0,4
14,hamza_idrissi,"Bonne question. De mon cote j ai commence tres progressivement, et c est ce qui a tout change.",1189,0,1
14,hind_naciri,Attention aux conseils universels : ce qui marche pour l un peut ne rien donner pour l autre.,1688,1,2
14,omar_tazi,"Merci pour le retour, ca confirme ce que je pensais sans oser le formuler.",707,2,3
15,omar_tazi,Attention aux conseils universels : ce qui marche pour l un peut ne rien donner pour l autre.,338,0,1
15,nadia_cherkaoui,"J ai teste pendant trois mois et le changement le plus net a ete la regularite, pas l intensite.",1553,1,2
15,karim_fassi,Excellente synthese. J ajouterais juste qu il faut adapter selon son propre rythme.,426,2,3
15,leila_bennis,"J ai teste pendant trois mois et le changement le plus net a ete la regularite, pas l intensite.",506,0,4
15,nadia_cherkaoui,"Bonne question. De mon cote j ai commence tres progressivement, et c est ce qui a tout change.",1414,4,5
16,sofia_lahlou,Attention aux conseils universels : ce qui marche pour l un peut ne rien donner pour l autre.,620,0,1
16,youssef_alaoui,Excellente synthese. J ajouterais juste qu il faut adapter selon son propre rythme.,1657,1,2
16,mehdi_squalli,"J aurais nuance sur un point, mais globalement je suis d accord avec l analyse.",295,2,3
16,tarik_ouazzani,Je faisais l inverse au debut et je me suis blesse. Depuis j y vais beaucoup plus doucement.,660,0,4
16,hamza_idrissi,Attention aux conseils universels : ce qui marche pour l un peut ne rien donner pour l autre.,369,4,5
17,reda_amrani,"Bonne question. De mon cote j ai commence tres progressivement, et c est ce qui a tout change.",329,0,1
17,mehdi_squalli,"Merci pour le retour, ca confirme ce que je pensais sans oser le formuler.",964,1,2
17,hind_naciri,Attention aux conseils universels : ce qui marche pour l un peut ne rien donner pour l autre.,383,2,3
18,mehdi_squalli,"Merci pour le retour, ca confirme ce que je pensais sans oser le formuler.",798,0,1
18,reda_amrani,Je faisais l inverse au debut et je me suis blesse. Depuis j y vais beaucoup plus doucement.,404,1,2
18,tarik_ouazzani,Un detail souvent oublie : la constance sur plusieurs semaines compte plus que la methode exacte.,492,2,3
19,omar_tazi,Un detail souvent oublie : la constance sur plusieurs semaines compte plus que la methode exacte.,1258,0,1
19,sofia_lahlou,Attention aux conseils universels : ce qui marche pour l un peut ne rien donner pour l autre.,328,1,2
19,nadia_cherkaoui,Excellente synthese. J ajouterais juste qu il faut adapter selon son propre rythme.,1041,2,3
20,reda_amrani,"J aurais nuance sur un point, mais globalement je suis d accord avec l analyse.",656,0,1
20,mehdi_squalli,"Merci pour le retour, ca confirme ce que je pensais sans oser le formuler.",1020,1,2
20,mehdi_squalli,Un detail souvent oublie : la constance sur plusieurs semaines compte plus que la methode exacte.,1051,2,3
20,hind_naciri,"Merci pour le retour, ca confirme ce que je pensais sans oser le formuler.",39,0,4
21,youssef_alaoui,"Bonne question. De mon cote j ai commence tres progressivement, et c est ce qui a tout change.",932,0,1
21,nadia_cherkaoui,Excellente synthese. J ajouterais juste qu il faut adapter selon son propre rythme.,292,1,2
21,imane_sekkat,Un detail souvent oublie : la constance sur plusieurs semaines compte plus que la methode exacte.,101,2,3
21,salma_benani,"Merci pour le retour, ca confirme ce que je pensais sans oser le formuler.",1348,0,4
21,sofia_lahlou,Je faisais l inverse au debut et je me suis blesse. Depuis j y vais beaucoup plus doucement.,1383,4,5
22,youssef_alaoui,Un detail souvent oublie : la constance sur plusieurs semaines compte plus que la methode exacte.,184,0,1
22,reda_amrani,"J ai teste pendant trois mois et le changement le plus net a ete la regularite, pas l intensite.",328,1,2
22,salma_benani,Excellente synthese. J ajouterais juste qu il faut adapter selon son propre rythme.,315,2,3
23,mehdi_squalli,"J aurais nuance sur un point, mais globalement je suis d accord avec l analyse.",243,0,1
23,youssef_alaoui,"J ai teste pendant trois mois et le changement le plus net a ete la regularite, pas l intensite.",1367,1,2
23,leila_bennis,Un detail souvent oublie : la constance sur plusieurs semaines compte plus que la methode exacte.,765,2,3
23,yasmine_kabbaj,Excellente synthese. J ajouterais juste qu il faut adapter selon son propre rythme.,1056,0,4
23,omar_tazi,Excellente synthese. J ajouterais juste qu il faut adapter selon son propre rythme.,832,4,5
24,hind_naciri,Attention aux conseils universels : ce qui marche pour l un peut ne rien donner pour l autre.,658,0,1
24,mehdi_squalli,Excellente synthese. J ajouterais juste qu il faut adapter selon son propre rythme.,1630,1,2
24,sofia_lahlou,"J aurais nuance sur un point, mais globalement je suis d accord avec l analyse.",1745,2,3
24,nadia_cherkaoui,Je faisais l inverse au debut et je me suis blesse. Depuis j y vais beaucoup plus doucement.,948,0,4
24,hamza_idrissi,"J ai teste pendant trois mois et le changement le plus net a ete la regularite, pas l intensite.",836,4,5
25,hind_naciri,Attention aux conseils universels : ce qui marche pour l un peut ne rien donner pour l autre.,1632,0,1
25,mehdi_squalli,"Bonne question. De mon cote j ai commence tres progressivement, et c est ce qui a tout change.",566,1,2
25,karim_fassi,"J aurais nuance sur un point, mais globalement je suis d accord avec l analyse.",339,2,3
25,omar_tazi,Un detail souvent oublie : la constance sur plusieurs semaines compte plus que la methode exacte.,411,0,4
26,hind_naciri,"J ai teste pendant trois mois et le changement le plus net a ete la regularite, pas l intensite.",770,0,1
26,leila_bennis,"J ai teste pendant trois mois et le changement le plus net a ete la regularite, pas l intensite.",1419,1,2
26,salma_benani,"Bonne question. De mon cote j ai commence tres progressivement, et c est ce qui a tout change.",1749,2,3
26,salma_benani,"Bonne question. De mon cote j ai commence tres progressivement, et c est ce qui a tout change.",1595,0,4
26,hamza_idrissi,"J ai teste pendant trois mois et le changement le plus net a ete la regularite, pas l intensite.",802,4,5
27,hamza_idrissi,"Merci pour le retour, ca confirme ce que je pensais sans oser le formuler.",141,0,1
27,mehdi_squalli,Attention aux conseils universels : ce qui marche pour l un peut ne rien donner pour l autre.,1442,1,2
27,hamza_idrissi,"Bonne question. De mon cote j ai commence tres progressivement, et c est ce qui a tout change.",1724,2,3
27,hamza_idrissi,"J aurais nuance sur un point, mais globalement je suis d accord avec l analyse.",1457,0,4
28,amine_berrada,"J aurais nuance sur un point, mais globalement je suis d accord avec l analyse.",69,0,1
28,mehdi_squalli,Excellente synthese. J ajouterais juste qu il faut adapter selon son propre rythme.,929,1,2
28,imane_sekkat,"Bonne question. De mon cote j ai commence tres progressivement, et c est ce qui a tout change.",1656,2,3
29,sofia_lahlou,Je faisais l inverse au debut et je me suis blesse. Depuis j y vais beaucoup plus doucement.,86,0,1
29,amine_berrada,Je faisais l inverse au debut et je me suis blesse. Depuis j y vais beaucoup plus doucement.,1752,1,2
29,tarik_ouazzani,Je faisais l inverse au debut et je me suis blesse. Depuis j y vais beaucoup plus doucement.,1628,2,3
29,leila_bennis,"J ai teste pendant trois mois et le changement le plus net a ete la regularite, pas l intensite.",1287,0,4
29,yasmine_kabbaj,"Bonne question. De mon cote j ai commence tres progressivement, et c est ce qui a tout change.",1448,4,5
30,youssef_alaoui,Excellente synthese. J ajouterais juste qu il faut adapter selon son propre rythme.,692,0,1
30,karim_fassi,Excellente synthese. J ajouterais juste qu il faut adapter selon son propre rythme.,752,1,2
30,hamza_idrissi,"J aurais nuance sur un point, mais globalement je suis d accord avec l analyse.",60,2,3
30,amine_berrada,"J aurais nuance sur un point, mais globalement je suis d accord avec l analyse.",374,0,4
30,nadia_cherkaoui,"Bonne question. De mon cote j ai commence tres progressivement, et c est ce qui a tout change.",490,4,5
31,mehdi_squalli,Excellente synthese. J ajouterais juste qu il faut adapter selon son propre rythme.,99,0,1
31,youssef_alaoui,Excellente synthese. J ajouterais juste qu il faut adapter selon son propre rythme.,429,1,2
31,hind_naciri,Un detail souvent oublie : la constance sur plusieurs semaines compte plus que la methode exacte.,891,2,3
32,reda_amrani,"Bonne question. De mon cote j ai commence tres progressivement, et c est ce qui a tout change.",1230,0,1
32,youssef_alaoui,Excellente synthese. J ajouterais juste qu il faut adapter selon son propre rythme.,455,1,2
32,yasmine_kabbaj,Attention aux conseils universels : ce qui marche pour l un peut ne rien donner pour l autre.,597,2,3
32,omar_tazi,"Merci pour le retour, ca confirme ce que je pensais sans oser le formuler.",1574,0,4
33,hind_naciri,"J aurais nuance sur un point, mais globalement je suis d accord avec l analyse.",1053,0,1
33,hind_naciri,"J ai teste pendant trois mois et le changement le plus net a ete la regularite, pas l intensite.",1059,1,2
33,karim_fassi,"Merci pour le retour, ca confirme ce que je pensais sans oser le formuler.",19,2,3
33,sofia_lahlou,Excellente synthese. J ajouterais juste qu il faut adapter selon son propre rythme.,885,0,4
33,sofia_lahlou,Je faisais l inverse au debut et je me suis blesse. Depuis j y vais beaucoup plus doucement.,598,4,5
34,mehdi_squalli,Je faisais l inverse au debut et je me suis blesse. Depuis j y vais beaucoup plus doucement.,736,0,1
34,imane_sekkat,"J ai teste pendant trois mois et le changement le plus net a ete la regularite, pas l intensite.",31,1,2
34,leila_bennis,Attention aux conseils universels : ce qui marche pour l un peut ne rien donner pour l autre.,1016,2,3
34,salma_benani,Excellente synthese. J ajouterais juste qu il faut adapter selon son propre rythme.,1386,0,4
35,nadia_cherkaoui,"Bonne question. De mon cote j ai commence tres progressivement, et c est ce qui a tout change.",1160,0,1
35,amine_berrada,"Merci pour le retour, ca confirme ce que je pensais sans oser le formuler.",1054,1,2
35,imane_sekkat,"J aurais nuance sur un point, mais globalement je suis d accord avec l analyse.",839,2,3
35,salma_benani,Attention aux conseils universels : ce qui marche pour l un peut ne rien donner pour l autre.,1855,0,4
35,nadia_cherkaoui,"J aurais nuance sur un point, mais globalement je suis d accord avec l analyse.",1057,4,5
36,karim_fassi,"J aurais nuance sur un point, mais globalement je suis d accord avec l analyse.",1478,0,1
36,imane_sekkat,"Merci pour le retour, ca confirme ce que je pensais sans oser le formuler.",1507,1,2
36,leila_bennis,Je faisais l inverse au debut et je me suis blesse. Depuis j y vais beaucoup plus doucement.,1879,2,3
36,youssef_alaoui,Un detail souvent oublie : la constance sur plusieurs semaines compte plus que la methode exacte.,171,0,4
37,karim_fassi,"J aurais nuance sur un point, mais globalement je suis d accord avec l analyse.",1669,0,1
37,karim_fassi,Attention aux conseils universels : ce qui marche pour l un peut ne rien donner pour l autre.,826,1,2
37,reda_amrani,Un detail souvent oublie : la constance sur plusieurs semaines compte plus que la methode exacte.,1763,2,3
37,mehdi_squalli,Je faisais l inverse au debut et je me suis blesse. Depuis j y vais beaucoup plus doucement.,445,0,4
37,reda_amrani,"Merci pour le retour, ca confirme ce que je pensais sans oser le formuler.",49,4,5
38,youssef_alaoui,Attention aux conseils universels : ce qui marche pour l un peut ne rien donner pour l autre.,708,0,1
38,mehdi_squalli,Je faisais l inverse au debut et je me suis blesse. Depuis j y vais beaucoup plus doucement.,217,1,2
38,hamza_idrissi,"J aurais nuance sur un point, mais globalement je suis d accord avec l analyse.",539,2,3
38,sofia_lahlou,Excellente synthese. J ajouterais juste qu il faut adapter selon son propre rythme.,31,0,4
39,sofia_lahlou,Je faisais l inverse au debut et je me suis blesse. Depuis j y vais beaucoup plus doucement.,1549,0,1
39,sofia_lahlou,"Bonne question. De mon cote j ai commence tres progressivement, et c est ce qui a tout change.",1178,1,2
39,karim_fassi,"Merci pour le retour, ca confirme ce que je pensais sans oser le formuler.",1214,2,3
40,tarik_ouazzani,Un detail souvent oublie : la constance sur plusieurs semaines compte plus que la methode exacte.,1564,0,1
40,omar_tazi,Un detail souvent oublie : la constance sur plusieurs semaines compte plus que la methode exacte.,928,1,2
40,youssef_alaoui,"Merci pour le retour, ca confirme ce que je pensais sans oser le formuler.",1380,2,3
