id,forum,titre,contenu,auteur,image,upvotes,vues,date
1,Teletravail,Quel setup pour tenir 8 h sans mal de dos ?,"Quel setup pour tenir 8 h sans mal de dos ? Je me pose la question depuis un moment et j aimerais des retours concrets, pas seulement des principes generaux.",hamza_idrissi,sujet-01-teletravail.webp,2699,30574,2026-07-16
2,Teletravail,Comment vous coupez vraiment le soir ?,"Comment vous coupez vraiment le soir ? Je me pose la question depuis un moment et j aimerais des retours concrets, pas seulement des principes generaux.",karim_fassi,,177,18338,2026-05-27
3,Teletravail,"Reunions en visio : la camera, obligatoire ou pas ?","Reunions en visio : la camera, obligatoire ou pas ? Je me pose la question depuis un moment et j aimerais des retours concrets, pas seulement des principes generaux.",amine_berrada,sujet-01-teletravail.webp,1784,27606,2026-05-27
4,Teletravail,Travailler depuis un cafe : productif ou illusion ?,"Travailler depuis un cafe : productif ou illusion ? Je me pose la question depuis un moment et j aimerais des retours concrets, pas seulement des principes generaux.",karim_fassi,,4066,10118,2026-02-11
5,Nutrition,"Le batch cooking du dimanche, ca tient la semaine ?","Le batch cooking du dimanche, ca tient la semaine ? Je me pose la question depuis un moment et j aimerais des retours concrets, pas seulement des principes generaux.",hind_naciri,sujet-02-mealprep.webp,1977,23950,2026-03-22
6,Nutrition,Petit-dejeuner sale : vous avez teste ?,"Petit-dejeuner sale : vous avez teste ? Je me pose la question depuis un moment et j aimerais des retours concrets, pas seulement des principes generaux.",reda_amrani,,777,22415,2026-06-12
7,Nutrition,"Combien de proteines par jour, concretement ?","Combien de proteines par jour, concretement ? Je me pose la question depuis un moment et j aimerais des retours concrets, pas seulement des principes generaux.",karim_fassi,sujet-02-mealprep.webp,4240,21425,2026-07-19
8,Nutrition,"Les compléments, utiles ou marketing ?","Les compléments, utiles ou marketing ? Je me pose la question depuis un moment et j aimerais des retours concrets, pas seulement des principes generaux.",imane_sekkat,,4614,48647,2026-05-24
9,Course,Premier semi : combien de semaines de prep ?,"Premier semi : combien de semaines de prep ? Je me pose la question depuis un moment et j aimerais des retours concrets, pas seulement des principes generaux.",amine_berrada,sujet-03-running.webp,2100,41862,2026-04-22
10,Course,"Courir a jeun, bonne ou mauvaise idee ?","Courir a jeun, bonne ou mauvaise idee ? Je me pose la question depuis un moment et j aimerais des retours concrets, pas seulement des principes generaux.",yasmine_kabbaj,,3336,30550,2026-02-10
11,Course,Chaussures : amorti maximal ou minimalisme ?,"Chaussures : amorti maximal ou minimalisme ? Je me pose la question depuis un moment et j aimerais des retours concrets, pas seulement des principes generaux.",sofia_lahlou,sujet-03-running.webp,3258,124,2026-06-10
12,Course,Comment gerer un point de cote tenace ?,"Comment gerer un point de cote tenace ? Je me pose la question depuis un moment et j aimerais des retours concrets, pas seulement des principes generaux.",tarik_ouazzani,,3124,29798,2026-04-28
13,Lecture,Un livre qui vous a fait changer d avis,"Un livre qui vous a fait changer d avis Je me pose la question depuis un moment et j aimerais des retours concrets, pas seulement des principes generaux.",reda_amrani,sujet-04-lecture.webp,3474,20088,2026-07-21
14,Lecture,"Papier ou liseuse, le match","Papier ou liseuse, le match Je me pose la question depuis un moment et j aimerais des retours concrets, pas seulement des principes generaux.",tarik_ouazzani,,3392,49058,2026-04-12
15,Lecture,Comment relancer une habitude de lecture ?,"Comment relancer une habitude de lecture ? Je me pose la question depuis un moment et j aimerais des retours concrets, pas seulement des principes generaux.",sofia_lahlou,sujet-04-lecture.webp,1143,32590,2026-05-25
16,Lecture,Les classiques valent-ils encore le detour ?,"Les classiques valent-ils encore le detour ? Je me pose la question depuis un moment et j aimerais des retours concrets, pas seulement des principes generaux.",amine_berrada,,3017,14989,2026-05-16
17,JeuxVideo,Le retro a-t-il vraiment mieux vieilli ?,"Le retro a-t-il vraiment mieux vieilli ? Je me pose la question depuis un moment et j aimerais des retours concrets, pas seulement des principes generaux.",leila_bennis,sujet-05-gaming.webp,4487,32019,2026-04-22
18,JeuxVideo,Manette ou clavier-souris en 2026 ?,"Manette ou clavier-souris en 2026 ? Je me pose la question depuis un moment et j aimerais des retours concrets, pas seulement des principes generaux.",youssef_alaoui,,959,9220,2026-07-24
19,JeuxVideo,Les jeux trop longs vous decouragent ?,"Les jeux trop longs vous decouragent ? Je me pose la question depuis un moment et j aimerais des retours concrets, pas seulement des principes generaux.",tarik_ouazzani,sujet-05-gaming.webp,3859,38384,2026-03-19
20,JeuxVideo,Votre meilleure surprise indé de l annee,"Votre meilleure surprise indé de l annee Je me pose la question depuis un moment et j aimerais des retours concrets, pas seulement des principes generaux.",yasmine_kabbaj,,560,17247,2026-07-12
21,Voyage,Voyager leger : votre liste minimale,"Voyager leger : votre liste minimale Je me pose la question depuis un moment et j aimerais des retours concrets, pas seulement des principes generaux.",karim_fassi,sujet-06-voyage.webp,1042,32204,2026-03-17
22,Voyage,Assurance voyage : necessaire ou superflu ?,"Assurance voyage : necessaire ou superflu ? Je me pose la question depuis un moment et j aimerais des retours concrets, pas seulement des principes generaux.",omar_tazi,,581,18381,2026-01-24
23,Voyage,Comment eviter les pieges a touristes,"Comment eviter les pieges a touristes Je me pose la question depuis un moment et j aimerais des retours concrets, pas seulement des principes generaux.",hamza_idrissi,sujet-06-voyage.webp,1948,43055,2026-01-15
24,Voyage,Road trip ou train : votre preference ?,"Road trip ou train : votre preference ? Je me pose la question depuis un moment et j aimerais des retours concrets, pas seulement des principes generaux.",imane_sekkat,,645,3954,2026-06-25
25,Plantes,"Mon monstera jaunit, un diagnostic ?","Mon monstera jaunit, un diagnostic ? Je me pose la question depuis un moment et j aimerais des retours concrets, pas seulement des principes generaux.",omar_tazi,sujet-07-plantes.webp,2185,37333,2026-06-20
26,Plantes,Arrosage : la regle du doigt marche-t-elle ?,"Arrosage : la regle du doigt marche-t-elle ? Je me pose la question depuis un moment et j aimerais des retours concrets, pas seulement des principes generaux.",mehdi_squalli,,4292,21475,2026-05-28
27,Plantes,"Rempoter en hiver, mauvaise idee ?","Rempoter en hiver, mauvaise idee ? Je me pose la question depuis un moment et j aimerais des retours concrets, pas seulement des principes generaux.",reda_amrani,sujet-07-plantes.webp,4138,50097,2026-04-19
28,Plantes,Quelles plantes pour une piece sombre ?,"Quelles plantes pour une piece sombre ? Je me pose la question depuis un moment et j aimerais des retours concrets, pas seulement des principes generaux.",amine_berrada,,297,16465,2026-07-13
29,Finances,Par ou commencer une epargne d urgence ?,"Par ou commencer une epargne d urgence ? Je me pose la question depuis un moment et j aimerais des retours concrets, pas seulement des principes generaux.",nadia_cherkaoui,sujet-08-finances.webp,4123,48428,2026-08-27
30,Finances,Budget 50/30/20 : realiste ou theorique ?,"Budget 50/30/20 : realiste ou theorique ? Je me pose la question depuis un moment et j aimerais des retours concrets, pas seulement des principes generaux.",imane_sekkat,,1876,44185,2026-04-23
31,Finances,"Investir petit, ca vaut le coup ?","Investir petit, ca vaut le coup ? Je me pose la question depuis un moment et j aimerais des retours concrets, pas seulement des principes generaux.",hamza_idrissi,sujet-08-finances.webp,2266,15167,2026-01-18
32,Finances,Comment negocier une augmentation ?,"Comment negocier une augmentation ? Je me pose la question depuis un moment et j aimerais des retours concrets, pas seulement des principes generaux.",mehdi_squalli,,4044,43358,2026-05-28
33,Art,Dessiner tous les jours change vraiment ?,"Dessiner tous les jours change vraiment ? Je me pose la question depuis un moment et j aimerais des retours concrets, pas seulement des principes generaux.",leila_bennis,sujet-09-art.webp,1040,31381,2026-02-18
34,Art,Aquarelle : materiel de depart abordable,"Aquarelle : materiel de depart abordable Je me pose la question depuis un moment et j aimerais des retours concrets, pas seulement des principes generaux.",nadia_cherkaoui,,3104,24895,2026-07-28
35,Art,Comment sortir du syndrome de la page blanche,"Comment sortir du syndrome de la page blanche Je me pose la question depuis un moment et j aimerais des retours concrets, pas seulement des principes generaux.",hind_naciri,sujet-09-art.webp,3944,24766,2026-03-15
36,Art,Copier pour apprendre : legitime ?,"Copier pour apprendre : legitime ? Je me pose la question depuis un moment et j aimerais des retours concrets, pas seulement des principes generaux.",mehdi_squalli,,4352,29615,2026-02-22
37,Tech,Faut-il changer de telephone tous les 2 ans ?,"Faut-il changer de telephone tous les 2 ans ? Je me pose la question depuis un moment et j aimerais des retours concrets, pas seulement des principes generaux.",reda_amrani,sujet-10-tech.webp,933,44104,2026-06-23
38,Tech,Vos extensions indispensables,"Vos extensions indispensables Je me pose la question depuis un moment et j aimerais des retours concrets, pas seulement des principes generaux.",sofia_lahlou,,456,31513,2026-01-14
39,Tech,Le cloud ou le disque local ?,"Le cloud ou le disque local ? Je me pose la question depuis un moment et j aimerais des retours concrets, pas seulement des principes generaux.",reda_amrani,sujet-10-tech.webp,971,34206,2026-01-18
40,Tech,Comment prolonger la batterie d un portable,"Comment prolonger la batterie d un portable Je me pose la question depuis un moment et j aimerais des retours concrets, pas seulement des principes generaux.",hind_naciri,,401,44988,2026-04-14
